{"cameraMode":{"drawMode":0,"name":"Shaded","section":"Shading Mode"},"sceneLighting":true,"audioPlay":false,"sceneViewState":{"m_AlwaysRefresh":false,"showFog":true,"showSkybox":true,"showFlares":true,"showImageEffects":true,"showParticleSystems":true,"showVisualEffectGraphs":true,"m_FxEnabled":true},"in2DMode":false,"pivot":{"x":943.3333129882813,"y":434.666748046875,"z":-0.00002956390380859375},"rotation":{"x":0.00039764028042554855,"y":-0.04248720780014992,"z":0.000017253425539820455,"w":0.9991000294685364},"size":595.3232421875,"orthographic":true}